"name","source","type","year"
"M4A4 | Zirka","Operation Bravo Case","StatTrak",2013
"USP-S | Overgrowth","Operation Bravo Case","StatTrak",2013
"G3SG1 | Demeter","Operation Bravo Case","StatTrak",2013
"UMP-45 | Bone Pile","Operation Bravo Case","StatTrak",2013
"Galil AR | Shattered","Operation Bravo Case","StatTrak",2013
"AWP - Pit Viper","The Italy Collection","Souvenir",2013
"M4A1-S - Boreal Forest","The Italy Collection","Souvenir",2013
"Nova | Tempest","Operation Bravo Case","StatTrak",2013
"Dual Berettas | Black Limba","Operation Bravo Case","StatTrak",2013
"SG 553 | Wave Spray","Operation Bravo Case","StatTrak",2013
"P90 | Death by Kitty","eSports 2013 Case","StatTrak",2013
"G3SG1 - Jungle Dashed","The Lake collection","Souvenir",2013
"SG 553 - Waves Perforated","The Lake collection","Souvenir",2013
"Galil AR - Sage Spray","The Lake collection","Souvenir",2013
"AUG - Storm","The Lake collection","Souvenir",2013
"XM1014 - Blue Spruce","The Lake collection","Souvenir",2013
"AWP | BOOM","eSports 2013 Case","StatTrak",2013
"AK-47 | Red Laminate","eSports 2013 Case","StatTrak",2013
"P250 | Splash","eSports 2013 Case","StatTrak",2013
"Sawed-Off | Orange DDPAT","eSports 2013 Case","StatTrak",2013
"Galil AR | Orange DDPAT","eSports 2013 Case","StatTrak",2013
"FAMAS | Doomkitty","eSports 2013 Case","StatTrak",2013
"MAG-7 | Memento","eSports 2013 Case","StatTrak",2013
"M4A4 | Faded Zebra","eSports 2013 Case","StatTrak",2013
"AWP | Lightning Strike","CS:GO Weapon Case","StatTrak",2013
"Desert Eagle | Hypnotic","CS:GO Weapon Case","StatTrak",2013
"AK-47 | Case Hardened","CS:GO Weapon Case","StatTrak",2013
"P250 - Boreal Forest","The Lake collection","Souvenir",2013
"XM1014 - Blue Steel","The Lake collection","Souvenir",2013
"FAMAS - Cyanospatter","The Lake collection","Souvenir",2013
"PP-Bizon - Night Ops","The Lake collection","Souvenir",2013
"Desert Eagle - Mudder","The Lake collection","Souvenir",2013
"SG 553 - Anodized Navy","The Lake collection","Souvenir",2013
"P90 - Teardown","The Lake collection","Souvenir",2013
"USP-S - Night Ops","The Lake collection","Souvenir",2013
"Dual Berettas - Cobalt Quartz","The Lake collection","Souvenir",2013
"AWP - Safari Mesh","The Lake collection","Souvenir",2013
"M4A1-S | Dark Water","CS:GO Weapon Case","StatTrak",2013
"USP-S | Dark Water","CS:GO Weapon Case","StatTrak",2013
"Glock-18 | Dragon Tattoo","CS:GO Weapon Case","StatTrak",2013
"SG 553 | Ultraviolet","CS:GO Weapon Case","StatTrak",2013
"AUG | Wings","CS:GO Weapon Case","StatTrak",2013
"Dual Berettas - Demolition","The Vertigo Collection","Souvenir",2013
"AK-47 - Black Laminate","The Vertigo Collection","Souvenir",2013
"P90 - Glacier Mesh","The Vertigo Collection","Souvenir",2013
"PP-Bizon - Carbon Fiber","The Vertigo Collection","Souvenir",2013
"MAC-10 - Urban DDPAT","The Vertigo Collection","Souvenir",2013
"XM1014 - Urban Perforated","The Vertigo Collection","Souvenir",2013
"SCAR-20 - Carbon Fiber","The Train Collection","Souvenir",2013
"Tec-9 - Red Quartz","The Train Collection","Souvenir",2013
"Desert Eagle - Urban Rubble","The Train Collection","Souvenir",2013
"Sawed-Off - Amber Fade","The Train Collection","Souvenir",2013
"P250 - Metallic DDPAT","The Train Collection","Souvenir",2013
"MAG-7 - Metallic DDPAT","The Train Collection","Souvenir",2013
"P90 - Ash Wood","The Train Collection","Souvenir",2013
"MAC-10 - Candy Apple","The Train Collection","Souvenir",2013
"M4A4 - Urban DDPAT","The Train Collection","Souvenir",2013
"UMP-45 - Urban DDPAT","The Train Collection","Souvenir",2013
"Dual Berettas - Colony","The Train Collection","Souvenir",2013
"G3SG1 - Polar Camo","The Train Collection","Souvenir",2013
"Five-SeveN - Forest Night","The Train Collection","Souvenir",2013
"Nova - Polar Mesh","The Train Collection","Souvenir",2013
"PP-Bizon - Urban Dashed","The Train Collection","Souvenir",2013
"M249 - Gator Mesh","The Safehouse Collection","only standard",2013
"M4A1-S - Nitro","The Safehouse Collection","only standard",2013
"SSG 08 - Acid Fade","The Safehouse Collection","only standard",2013
"Five-SeveN - Silver Quartz","The Safehouse Collection","only standard",2013
"FAMAS - Teardown","The Safehouse Collection","only standard",2013
"G3SG1 - VariCamo","The Safehouse Collection","only standard",2013
"XM1014 - Grassland","The Militia Collection","only standard",2013
"MAC-10 - Tornado","The Militia Collection","only standard",2013
"PP-Bizon - Forest Leaves","The Militia Collection","only standard",2013
"P2000 - Grassland Leaves","The Militia Collection","only standard",2013
"Nova - Modern Hunter","The Militia Collection","only standard",2013
"Nova - Blaze Orange","The Militia Collection","only standard",2013
"P250 - Modern Hunter","The Militia Collection","only standard",2013
"XM1014 - Blaze Orange","The Militia Collection","only standard",2013
"PP-Bizon - Modern Hunter","The Militia Collection","only standard",2013
"SCAR-20 - Splash Jam","The Militia Collection","only standard",2013
"M4A4 - Modern Hunter","The Militia Collection","only standard",2013
"Galil AR - VariCamo","The Safehouse Collection","only standard",2013
"USP-S - Forest Leaves","The Safehouse Collection","only standard",2013
"AUG - Condemned","The Safehouse Collection","only standard",2013
"MP9 - Orange Peel","The Safehouse Collection","only standard",2013
"SCAR-20 - Contractor","The Safehouse Collection","only standard",2013
"SSG 08 - Blue Spruce","The Safehouse Collection","only standard",2013
"Tec-9 - Army Mesh","The Safehouse Collection","only standard",2013
"MP7 - Army Recon","The Safehouse Collection","only standard",2013
"Dual Berettas - Contractor","The Safehouse Collection","only standard",2013
"MP7 - Whiteout","The Office Collection","only standard",2013
"P2000 - Silver","The Office Collection","only standard",2013
"M249 - Blizzard Marbleized","The Office Collection","only standard",2013
"G3SG1 - Arctic Camo","The Office Collection","only standard",2013
"Galil AR - Winter Forest","The Office Collection","only standard",2013
"FAMAS - Contrast Spray","The Office Collection","only standard",2013
"Tec-9 - Nuclear Threat","The Nuke Collection","Souvenir",2013
"P250 - Nuclear Threat","The Nuke Collection","Souvenir",2013
"M4A4 - Radiation Hazard","The Nuke Collection","Souvenir",2013
"XM1014 - Fallout Warning","The Nuke Collection","Souvenir",2013
"UMP-45 - Fallout Warning","The Nuke Collection","Souvenir",2013
"P90 - Fallout Warning","The Nuke Collection","Souvenir",2013
"PP-Bizon - Irradiated Alert","The Nuke Collection","Souvenir",2013
"Sawed-Off - Irradiated Alert","The Nuke Collection","Souvenir",2013
"MAG-7 - Irradiated Alert","The Nuke Collection","Souvenir",2013
"SSG 08 - Tropical Storm","The Mirage collection","Souvenir",2013
"MAG-7 - Bulldozer","The Mirage collection","Souvenir",2013
"MAC-10 - Amber Fade","The Mirage collection","Souvenir",2013
"UMP-45 - Blaze","The Mirage collection","Souvenir",2013
"MP9 - Hot Rod","The Mirage collection","Souvenir",2013
"Negev - CaliCamo","The Mirage collection","Souvenir",2013
"SG 553 - Gator Mesh","The Mirage collection","Souvenir",2013
"Glock-18 - Groundwater","The Mirage collection","Souvenir",2013
"MP7 - Orange Peel","The Mirage collection","Souvenir",2013
"Galil AR - Hunting Blind","The Mirage collection","Souvenir",2013
"P90 - Scorched","The Mirage collection","Souvenir",2013
"G3SG1 - Safari Mesh","The Mirage collection","Souvenir",2013
"AUG - Colony","The Mirage collection","Souvenir",2013
"Five-SeveN - Contractor","The Mirage collection","Souvenir",2013
"P250 - Bone Mask","The Mirage collection","Souvenir",2013
"Glock-18 - Brass","The Dust Collection","only standard",2013
"FAMAS - Spitfire","The Alpha Collection","only standard",2013
"SCAR-20 - Emerald","The Alpha Collection","only standard",2013
"Sawed-Off - Mosaico","The Alpha Collection","only standard",2013
"Tec-9 | Blue Titanium","CS:GO Weapon Case 2","StatTrak",2013
"M4A1-S | Blood Tiger","CS:GO Weapon Case 2","StatTrak",2013
"FAMAS | Hexane","CS:GO Weapon Case 2","StatTrak",2013
"P250 | Hive","CS:GO Weapon Case 2","StatTrak",2013
"SCAR-20 | Crimson Web","CS:GO Weapon Case 2","StatTrak",2013
"Five-SeveN | Case Hardened","CS:GO Weapon Case 2","StatTrak",2013
"MP9 | Hypnotic","CS:GO Weapon Case 2","StatTrak",2013
"Nova | Graphite","CS:GO Weapon Case 2","StatTrak",2013
"Dual Berettas | Hemoglobin","CS:GO Weapon Case 2","StatTrak",2013
"P90 | Cold Blooded","CS:GO Weapon Case 2","StatTrak",2013
"USP-S | Serum","CS:GO Weapon Case 2","StatTrak",2013
"SSG 08 | Blood in the Water","CS:GO Weapon Case 2","StatTrak",2013
"SG 553 - Tornado","The Assault Collection","only standard",2013
"UMP-45 - Caramel","The Assault Collection","only standard",2013
"Galil AR | Blue Titanium","eSports 2013 Winter Case","StatTrak",2013
"Five-SeveN | Nightshade","eSports 2013 Winter Case","StatTrak",2013
"PP-Bizon | Water Sigil","eSports 2013 Winter Case","StatTrak",2013
"Nova | Ghost Camo","eSports 2013 Winter Case","StatTrak",2013
"G3SG1 | Azure Zebra","eSports 2013 Winter Case","StatTrak",2013
"P250 | Steel Disruption","eSports 2013 Winter Case","StatTrak",2013
"Nova - Predator","The Dust 2 Collection","Souvenir",2013
"MP9 - Sand Dashed","The Dust 2 Collection","Souvenir",2013
"P90 - Sand Spray","The Dust 2 Collection","Souvenir",2013
"SCAR-20 - Sand Mesh","The Dust 2 Collection","Souvenir",2013
"P250 - Sand Dune","The Dust 2 Collection","Souvenir",2013
"G3SG1 - Desert Storm","The Dust 2 Collection","Souvenir",2013
"Tec-9 - VariCamo","The Dust 2 Collection","Souvenir",2013
"MAC-10 - Palm","The Dust 2 Collection","Souvenir",2013
"AK-47 | Blue Laminate","eSports 2013 Winter Case","StatTrak",2013
"P90 | Blind Spot","eSports 2013 Winter Case","StatTrak",2013
"FAMAS | Afterimage","eSports 2013 Winter Case","StatTrak",2013
"AWP | Electric Hive","eSports 2013 Winter Case","StatTrak",2013
"Desert Eagle | Cobalt Disruption","eSports 2013 Winter Case","StatTrak",2013
"Five-SeveN - Orange Peel","The Dust 2 Collection","Souvenir",2013
"Sawed-Off - Snake Camo","The Dust 2 Collection","Souvenir",2013
"M4A1-S - VariCamo","The Dust 2 Collection","Souvenir",2013
"PP-Bizon - Brass","The Dust 2 Collection","Souvenir",2013
"SG 553 - Damascus Steel","The Dust 2 Collection","Souvenir",2013
"P2000 - Amber Fade","The Dust 2 Collection","Souvenir",2013
"R8 Revolver - Amber Fade","The Dust 2 Collection","Souvenir",2013
"AK-47 - Safari Mesh","The Dust 2 Collection","Souvenir",2013
"M4A4 | X-Ray","eSports 2013 Winter Case","StatTrak",2013
"Five-SeveN - Candy Apple","The Assault Collection","only standard",2013
"AUG - Hot Rod","The Assault Collection","only standard",2013
"Negev - Anodized Navy","The Assault Collection","only standard",2013
"MP9 - Bulldozer","The Assault Collection","only standard",2013
"Glock-18 - Fade","The Assault Collection","only standard",2013
"Galil AR | Sandstorm","Winter Offensive Weapon Case","StatTrak",2013
"Five-SeveN | Kami","Winter Offensive Weapon Case","StatTrak",2013
"M249 | Magma","Winter Offensive Weapon Case","StatTrak",2013
"PP-Bizon | Cobalt Halftone","Winter Offensive Weapon Case","StatTrak",2013
"FAMAS | Pulse","Winter Offensive Weapon Case","StatTrak",2013
"Dual Berettas | Marina","Winter Offensive Weapon Case","StatTrak",2013
"MP9 | Rose Iron","Winter Offensive Weapon Case","StatTrak",2013
"Nova | Rising Skull","Winter Offensive Weapon Case","StatTrak",2013
"MAG-7 - Sand Dune","The Inferno Collection","Souvenir",2013
"Nova - Walnut","The Inferno Collection","Souvenir",2013
"P250 - Gunsmoke","The Inferno Collection","Souvenir",2013
"M4A4 - Tornado","The Inferno Collection","Souvenir",2013
"Dual Berettas - Anodized Navy","The Inferno Collection","Souvenir",2013
"M4A1-S | Guardian","Winter Offensive Weapon Case","StatTrak",2013
"P250 | Mehndi","Winter Offensive Weapon Case","StatTrak",2013
"AWP | Redline","Winter Offensive Weapon Case","StatTrak",2013
"M4A4 | Asiimov","Winter Offensive Weapon Case","StatTrak",2013
"Sawed-Off | The Kraken","Winter Offensive Weapon Case","StatTrak",2013
"Nova - Forest Leaves","The Aztec Collection","only standard",2013
"Five-SeveN - Jungle","The Aztec Collection","only standard",2013
"SSG 08 - Lichen Dashed","The Aztec Collection","only standard",2013
"AK-47 - Jungle Spray","The Aztec Collection","only standard",2013
"M4A4 - Jungle Tiger","The Aztec Collection","only standard",2013
"Tec-9 - Ossified","The Aztec Collection","only standard",2013
"M4A4 - Desert Storm","The Dust Collection","only standard",2013
"Tec-9 - Tornado","The Alpha Collection","only standard",2013
"MP9 - Dry Season","The Alpha Collection","only standard",2013
"Five-SeveN - Anodized Gunmetal","The Alpha Collection","only standard",2013
"XM1014 - Jungle","The Alpha Collection","only standard",2013
"MP7 - Groundwater","The Alpha Collection","only standard",2013
"Tec-9 - Brass","The Inferno Collection","Souvenir",2013
"Glock-18 - Sand Dune","The Alpha Collection","only standard",2013
"SSG 08 - Mayan Dreams","The Alpha Collection","only standard",2013
"Negev - Palm","The Alpha Collection","only standard",2013
"P250 - Facets","The Alpha Collection","only standard",2013
"AUG - Anodized Navy","The Alpha Collection","only standard",2013
"MAG-7 - Hazard","The Alpha Collection","only standard",2013
"PP-Bizon - Rust Coat","The Alpha Collection","only standard",2013
"SCAR-20 - Palm","The Dust Collection","only standard",2013
"AK-47 - Predator","The Dust Collection","only standard",2013
"AWP - Snake Camo","The Dust Collection","only standard",2013
"AUG - Copperhead","The Dust Collection","only standard",2013
"Sawed-Off - Copper","The Dust Collection","only standard",2013
"Desert Eagle - Blaze","The Dust Collection","only standard",2013
"P2000 - Scorpion","The Dust Collection","only standard",2013
"PP-Bizon - Sand Dashed","The Italy Collection","Souvenir",2013
"Nova - Sand Dune","The Italy Collection","Souvenir",2013
"FAMAS - Colony","The Italy Collection","Souvenir",2013
"AUG - Contractor","The Italy Collection","Souvenir",2013
"Tec-9 - Groundwater","The Italy Collection","Souvenir",2013
"Nova - Candy Apple","The Italy Collection","Souvenir",2013
"Dual Berettas - Stained","The Italy Collection","Souvenir",2013
"P2000 - Granite Marbleized","The Italy Collection","Souvenir",2013
"UMP-45 - Gunsmoke","The Italy Collection","Souvenir",2013
"XM1014 - CaliCamo","The Italy Collection","Souvenir",2013
"MP7 - Anodized Navy","The Italy Collection","Souvenir",2013
"Glock-18 - Candy Apple","The Italy Collection","Souvenir",2013
"Sawed-Off - Full Stop","The Italy Collection","Souvenir",2013
"M249 - Jungle DDPAT","The Alpha Collection","only standard",2013
"Desert Eagle | Golden Koi","Operation Bravo Case","StatTrak",2013
"MP7 | Skulls","CS:GO Weapon Case","StatTrak",2013
"AK-47 | Fire Serpent","Operation Bravo Case","StatTrak",2013
"AWP | Graphite","Operation Bravo Case","StatTrak",2013
"P2000 | Ocean Foam","Operation Bravo Case","StatTrak",2013
"P90 | Emerald Dragon","Operation Bravo Case","StatTrak",2013
"M4A1-S | Bright Water","Operation Bravo Case","StatTrak",2013
"MAC-10 | Graven","Operation Bravo Case","StatTrak",2013
"PP-Bizon - Chemical Green","The Cache Collection","Souvenir",2014
"P2000 - Grassland","The Overpass Collection","Souvenir",2014
"Glock-18 - Night","The Overpass Collection","Souvenir",2014
"MP7 - Gunsmoke","The Overpass Collection","Souvenir",2014
"Desert Eagle - Urban DDPAT","The Overpass Collection","Souvenir",2014
"MP9 - Storm","The Overpass Collection","Souvenir",2014
"MAG-7 - Storm","The Overpass Collection","Souvenir",2014
"M249 - Contrast Spray","The Overpass Collection","Souvenir",2014
"UMP-45 - Scorched","The Overpass Collection","Souvenir",2014
"Sawed-Off - Sage Spray","The Overpass Collection","Souvenir",2014
"P2000 - Chainmail","The Cobblestone Collection","Souvenir",2014
"AWP - Dragon Lore","The Cobblestone Collection","Souvenir",2014
"M4A1-S - Knight","The Cobblestone Collection","Souvenir",2014
"CZ75-Auto - Chalice","The Cobblestone Collection","Souvenir",2014
"Desert Eagle - Hand Cannon","The Cobblestone Collection","Souvenir",2014
"MP9 - Dark Age","The Cobblestone Collection","Souvenir",2014
"Sawed-Off - Rust Coat","The Cobblestone Collection","Souvenir",2014
"SG553 - Fallout Warning","The Cache Collection","Souvenir",2014
"Five-seveN - Hot Shot","The Cache Collection","Souvenir",2014
"Glock-18 - Reactor","The Cache Collection","Souvenir",2014
"MP9 - Setting Sun","The Cache Collection","Souvenir",2014
"XM1014 - Bone Machine","The Cache Collection","Souvenir",2014
"Tec-9 - Toxic","The Cache Collection","Souvenir",2014
"FAMAS - Styx","The Cache Collection","Souvenir",2014
"Galil AR - Cerberus","The Cache Collection","Souvenir",2014
"MAC-10 - Nuclear Garden","The Cache Collection","Souvenir",2014
"MAG-7 - Silver","The Cobblestone Collection","Souvenir",2014
"Nova - Green Apple","The Cobblestone Collection","Souvenir",2014
"USP-S - Royal Blue","The Cobblestone Collection","Souvenir",2014
"Dual Berettas - Briar","The Cobblestone Collection","Souvenir",2014
"SCAR-20 - Storm","The Cobblestone Collection","Souvenir",2014
"MAC-10 - Indigo","The Cobblestone Collection","Souvenir",2014
"UMP-45 - Indigo","The Cobblestone Collection","Souvenir",2014
"P90 - Storm","The Cobblestone Collection","Souvenir",2014
"CZ75-Auto | Crimson Web","CS:GO Weapon Case 3","StatTrak",2014
"P2000 | Red FragCam","CS:GO Weapon Case 3","StatTrak",2014
"Dual Berettas | Panther","CS:GO Weapon Case 3","StatTrak",2014
"USP-S | Stainless","CS:GO Weapon Case 3","StatTrak",2014
"Glock-18 | Blue Fissure","CS:GO Weapon Case 3","StatTrak",2014
"CZ75-Auto | Tread Plate","CS:GO Weapon Case 3","StatTrak",2014
"Tec-9 | Titanium Bit","CS:GO Weapon Case 3","StatTrak",2014
"Desert Eagle | Heirloom","CS:GO Weapon Case 3","StatTrak",2014
"Five-SeveN | Copper Galaxy","CS:GO Weapon Case 3","StatTrak",2014
"CZ75-Auto | The Fuschia Is Now","CS:GO Weapon Case 3","StatTrak",2014
"P250 | Undertow","CS:GO Weapon Case 3","StatTrak",2014
"CZ75-Auto | Victoria","CS:GO Weapon Case 3","StatTrak",2014
"UMP-45 | Corporal","Operation Phoenix Weapon Case","StatTrak",2014
"Negev | Terrain","Operation Phoenix Weapon Case","StatTrak",2014
"Tec-9 | Sandstorm","Operation Phoenix Weapon Case","StatTrak",2014
"MAG-7 | Heaven Guard","Operation Phoenix Weapon Case","StatTrak",2014
"MAC-10 | Heat","Operation Phoenix Weapon Case","StatTrak",2014
"SG 553 | Pulse","Operation Phoenix Weapon Case","StatTrak",2014
"FAMAS | Sergeant","Operation Phoenix Weapon Case","StatTrak",2014
"USP-S | Guardian","Operation Phoenix Weapon Case","StatTrak",2014
"AK-47 | Redline","Operation Phoenix Weapon Case","StatTrak",2014
"P90 | Trigon","Operation Phoenix Weapon Case","StatTrak",2014
"Nova | Antique","Operation Phoenix Weapon Case","StatTrak",2014
"AWP | Asiimov","Operation Phoenix Weapon Case","StatTrak",2014
"AUG | Chameleon","Operation Phoenix Weapon Case","StatTrak",2014
"Tec-9 | Isaac","Huntsman Weapon Case","StatTrak",2014
"SSG 08 | Slashed","Huntsman Weapon Case","StatTrak",2014
"Galil AR | Kami","Huntsman Weapon Case","StatTrak",2014
"CZ75-Auto | Twist","Huntsman Weapon Case","StatTrak",2014
"P90 | Module","Huntsman Weapon Case","StatTrak",2014
"P2000 | Pulse","Huntsman Weapon Case","StatTrak",2014
"AUG | Torque","Huntsman Weapon Case","StatTrak",2014
"PP-Bizon | Antique","Huntsman Weapon Case","StatTrak",2014
"XM1014 | Heaven Guard","Huntsman Weapon Case","StatTrak",2014
"MAC-10 | Tatter","Huntsman Weapon Case","StatTrak",2014
"M4A1-S | Atomic Alloy","Huntsman Weapon Case","StatTrak",2014
"SCAR-20 | Cyrex","Huntsman Weapon Case","StatTrak",2014
"USP-S | Caiman","Huntsman Weapon Case","StatTrak",2014
"AK-47 | Vulcan","Huntsman Weapon Case","StatTrak",2014
"M4A4 | Desert-Strike","Huntsman Weapon Case","StatTrak",2014
"MP7 | Urban Hazard","Operation Breakout Weapon Case","StatTrak",2014
"Negev | Desert-Strike","Operation Breakout Weapon Case","StatTrak",2014
"P2000 | Ivory","Operation Breakout Weapon Case","StatTrak",2014
"SSG 08 | Abyss","Operation Breakout Weapon Case","StatTrak",2014
"UMP-45 | Labyrinth","Operation Breakout Weapon Case","StatTrak",2014
"PP-Bizon | Osiris","Operation Breakout Weapon Case","StatTrak",2014
"CZ75-Auto | Tigris","Operation Breakout Weapon Case","StatTrak",2014
"Nova | Koi","Operation Breakout Weapon Case","StatTrak",2014
"P250 | Supernova","Operation Breakout Weapon Case","StatTrak",2014
"Desert Eagle | Conspiracy","Operation Breakout Weapon Case","StatTrak",2014
"Five-SeveN | Fowl Play","Operation Breakout Weapon Case","StatTrak",2014
"Glock-18 | Water Elemental","Operation Breakout Weapon Case","StatTrak",2014
"P90 | Asiimov","Operation Breakout Weapon Case","StatTrak",2014
"M4A1-S | Cyrex","Operation Breakout Weapon Case","StatTrak",2014
"SSG 08 | Dark Water","eSports 2014 Summer Case","StatTrak",2014
"MAC-10 | Ultraviolet","eSports 2014 Summer Case","StatTrak",2014
"USP-S | Blood Tiger","eSports 2014 Summer Case","StatTrak",2014
"CZ75-Auto | Hexane","eSports 2014 Summer Case","StatTrak",2014
"Negev | Bratatat","eSports 2014 Summer Case","StatTrak",2014
"XM1014 | Red Python","eSports 2014 Summer Case","StatTrak",2014
"PP-Bizon | Blue Streak","eSports 2014 Summer Case","StatTrak",2014
"P90 | Virus","eSports 2014 Summer Case","StatTrak",2014
"MP7 | Ocean Foam","eSports 2014 Summer Case","StatTrak",2014
"Glock-18 | Steel Disruption","eSports 2014 Summer Case","StatTrak",2014
"Desert Eagle | Crimson Web","eSports 2014 Summer Case","StatTrak",2014
"AUG | Bengal Tiger","eSports 2014 Summer Case","StatTrak",2014
"Nova | Bloomstick","eSports 2014 Summer Case","StatTrak",2014
"AWP | Corticera","eSports 2014 Summer Case","StatTrak",2014
"P2000 | Corticera","eSports 2014 Summer Case","StatTrak",2014
"M4A4 | Bullet Rain","eSports 2014 Summer Case","StatTrak",2014
"AK-47 | Jaguar","eSports 2014 Summer Case","StatTrak",2014
"G3SG1 | Murky","Operation Vanguard Weapon Case","StatTrak",2014
"MAG-7 | Firestarter","Operation Vanguard Weapon Case","StatTrak",2014
"MP9 | Dart","Operation Vanguard Weapon Case","StatTrak",2014
"Five-SeveN | Urban Hazard","Operation Vanguard Weapon Case","StatTrak",2014
"UMP-45 | Delusion","Operation Vanguard Weapon Case","StatTrak",2014
"Glock-18 | Grinder","Operation Vanguard Weapon Case","StatTrak",2014
"M4A1-S | Basilisk","Operation Vanguard Weapon Case","StatTrak",2014
"M4A4 | Griffin","Operation Vanguard Weapon Case","StatTrak",2014
"Sawed-Off | Highwayman","Operation Vanguard Weapon Case","StatTrak",2014
"P250 | Cartel","Operation Vanguard Weapon Case","StatTrak",2014
"SCAR-20 | Cardiac","Operation Vanguard Weapon Case","StatTrak",2014
"XM1014 | Tranquility","Operation Vanguard Weapon Case","StatTrak",2014
"AK-47 | Wasteland Rebel","Operation Vanguard Weapon Case","StatTrak",2014
"P2000 | Fire Elemental","Operation Vanguard Weapon Case","StatTrak",2014
"CZ75-Auto - Green Plaid","The Baggage Collection","only standard",2014
"SSG 08 - Sand Dune","The Baggage Collection","only standard",2014
"G3SG1 - Contractor","The Baggage Collection","only standard",2014
"MP9 - Green Plaid","The Baggage Collection","only standard",2014
"MP7 - Olive Plaid","The Baggage Collection","only standard",2014
"MAC-10 - Commuter","The Baggage Collection","only standard",2014
"P2000 - Coach Class","The Baggage Collection","only standard",2014
"P90 - Leather","The Baggage Collection","only standard",2014
"SG 553 - Traveler","The Baggage Collection","only standard",2014
"Sawed-Off - First Class","The Baggage Collection","only standard",2014
"USP-S - Business Class","The Baggage Collection","only standard",2014
"AK-47 - First Class","The Baggage Collection","only standard",2014
"Desert Eagle - Pilot","The Baggage Collection","only standard",2014
"AK-47 - Jet Set","The Baggage Collection","only standard",2014
"XM1014 - Red Leather","The Baggage Collection","only standard",2014
"MP7 - Forest DDPAT","The Bank Collection","only standard",2014
"Negev - Army Sheen","The Bank Collection","only standard",2014
"Sawed-Off - Forest DDPAT","The Bank Collection","only standard",2014
"SG 553 - Army Sheen","The Bank Collection","only standard",2014
"R8 Revolver - Bone Mask * **","The Bank Collection","only standard",2014
"Tec-9 - Urban DDPAT","The Bank Collection","only standard",2014
"UMP-45 - Carbon Fiber","The Bank Collection","only standard",2014
"Nova - Caged Steel","The Bank Collection","only standard",2014
"MAC-10 - Silver","The Bank Collection","only standard",2014
"G3SG1 - Green Apple","The Bank Collection","only standard",2014
"Galil AR - Tuxedo","The Bank Collection","only standard",2014
"Desert Eagle - Meteorite","The Bank Collection","only standard",2014
"CZ75-Auto - Tuxedo","The Bank Collection","only standard",2014
"AK-47 - Emerald Pinstripe","The Bank Collection","only standard",2014
"P250 - Franklin","The Bank Collection","only standard",2014
"Glock-18 - Death Rattle","The Bank Collection","only standard",2014
"CZ75-Auto - Nitro","The Overpass Collection","Souvenir",2014
"M4A1-S - Master Piece","The Overpass Collection","Souvenir",2014
"USP-S - Road Rash","The Overpass Collection","Souvenir",2014
"AWP - Pink DDPAT","The Overpass Collection","Souvenir",2014
"XM1014 - VariCamo Blue","The Overpass Collection","Souvenir",2014
"Negev - Nuclear Waste","The Cache Collection","Souvenir",2014
"P250 - Contamination","The Cache Collection","Souvenir",2014
"AUG - Radiation Hazard","The Cache Collection","Souvenir",2014
"SSG 08 - Detour","The Overpass Collection","Souvenir",2014
"CZ75-Auto - Army Sheen","The Chop Shop Collection","only standard",2015
"M249 - Impact Drill","The Chop Shop Collection","only standard",2015
"MAG-7 - Seabird","The Chop Shop Collection","only standard",2015
"Dual Berettas - Duelist","The Chop Shop Collection","only standard",2015
"Glock-18 - Twilight Galaxy","The Chop Shop Collection","only standard",2015
"M4A1-S - Hot Rod","The Chop Shop Collection","only standard",2015
"Glock-18 | Catacombs","Chroma Case","StatTrak",2015
"M249 | System Lock","Chroma Case","StatTrak",2015
"MP9 | Deadly Poison","Chroma Case","StatTrak",2015
"P2000 | Handgun","Falchion Case","StatTrak",2015
"Negev | Loudmouth","Falchion Case","StatTrak",2015
"MP9 | Ruby Poison Dart","Falchion Case","StatTrak",2015
"M4A4 | Evil Daimyo","Falchion Case","StatTrak",2015
"FAMAS | Neural Net","Falchion Case","StatTrak",2015
"USP-S | Torque","Falchion Case","StatTrak",2015
"UMP-45 | Riot","Falchion Case","StatTrak",2015
"P90 | Elite Build","Falchion Case","StatTrak",2015
"Nova | Ranger","Falchion Case","StatTrak",2015
"Glock-18 | Bunsen Burner","Falchion Case","StatTrak",2015
"Galil AR | Rocket Pop","Falchion Case","StatTrak",2015
"MAC-10 | Neon Rider","Chroma 2 Case","StatTrak",2015
"M4A1-S | Hyper Beast","Chroma 2 Case","StatTrak",2015
"FAMAS | Djinn","Chroma 2 Case","StatTrak",2015
"Galil AR | Eco","Chroma 2 Case","StatTrak",2015
"Five-SeveN | Monkey Business","Chroma 2 Case","StatTrak",2015
"UMP-45 | Grand Prix","Chroma 2 Case","StatTrak",2015
"CZ75-Auto | Pole Position","Chroma 2 Case","StatTrak",2015
"MAG-7 | Heat","Chroma 2 Case","StatTrak",2015
"AWP | Worm God","Chroma 2 Case","StatTrak",2015
"Sawed-Off | Origami","Chroma 2 Case","StatTrak",2015
"Negev | Man-o'-war","Chroma 2 Case","StatTrak",2015
"P250 | Valence","Chroma 2 Case","StatTrak",2015
"Desert Eagle | Bronze Deco","Chroma 2 Case","StatTrak",2015
"MP7 | Armor Core","Chroma 2 Case","StatTrak",2015
"AK-47 | Elite Build","Chroma 2 Case","StatTrak",2015
"Galil AR | Chatterbox","Chroma Case","StatTrak",2015
"AWP | Man-o'-war","Chroma Case","StatTrak",2015
"P250 | Muertos","Chroma Case","StatTrak",2015
"M4A4 | 龍王 (Dragon King)","Chroma Case","StatTrak",2015
"AK-47 | Cartel","Chroma Case","StatTrak",2015
"Sawed-Off | Serenity","Chroma Case","StatTrak",2015
"MAC-10 | Malachite","Chroma Case","StatTrak",2015
"Desert Eagle | Naga","Chroma Case","StatTrak",2015
"Dual Berettas | Urban Shock","Chroma Case","StatTrak",2015
"XM1014 | Quicksilver","Chroma Case","StatTrak",2015
"SCAR-20 | Grotto","Chroma Case","StatTrak",2015
"Five-SeveN | Retrobution","Revolver Case","StatTrak",2015
"PP-Bizon | Fuel Rod","Revolver Case","StatTrak",2015
"SCAR-20 | Outbreak","Revolver Case","StatTrak",2015
"SG 553 | Tiger Moth","Revolver Case","StatTrak",2015
"P90 | Shapewood","Revolver Case","StatTrak",2015
"G3SG1 | The Executioner","Revolver Case","StatTrak",2015
"AK-47 | Point Disarray","Revolver Case","StatTrak",2015
"XM1014 | Teclu Burner","Revolver Case","StatTrak",2015
"Tec-9 | Avalanche","Revolver Case","StatTrak",2015
"Negev | Power Loader","Revolver Case","StatTrak",2015
"Sawed-Off | Yorick","Revolver Case","StatTrak",2015
"P2000 | Imperial","Revolver Case","StatTrak",2015
"Desert Eagle | Corinthian","Revolver Case","StatTrak",2015
"AUG | Ricochet","Revolver Case","StatTrak",2015
"R8 Revolver | Crimson Web","Revolver Case","StatTrak",2015
"USP-S | Kill Confirmed","Shadow Case","StatTrak",2015
"M4A1-S | Golden Coil","Shadow Case","StatTrak",2015
"SSG 08 | Big Iron","Shadow Case","StatTrak",2015
"G3SG1 | Flux","Shadow Case","StatTrak",2015
"AK-47 | Frontside Misty","Shadow Case","StatTrak",2015
"P250 | Wingshot","Shadow Case","StatTrak",2015
"M4A4 | Royal Paladin","Revolver Case","StatTrak",2015
"R8 Revolver | Fade","Revolver Case","StatTrak",2015
"MP7 - Full Stop","The Chop Shop Collection","only standard",2015
"MP7 - Asterion","The Gods and Monsters","only standard",2015
"AUG - Daedalus","The Gods and Monsters","only standard",2015
"Dual Berettas - Moon in Libra","The Gods and Monsters","only standard",2015
"Nova - Moon in Libra","The Gods and Monsters","only standard",2015
"Tec-9 - Hades","The Gods and Monsters","only standard",2015
"P2000 - Pathfinder","The Gods and Monsters","only standard",2015
"AWP - Sun in Leo","The Gods and Monsters","only standard",2015
"M249 - Shipping Forecast","The Gods and Monsters","only standard",2015
"UMP-45 - Minotaur's Labyrinth","The Gods and Monsters","only standard",2015
"G3SG1 - Chronos","The Gods and Monsters","only standard",2015
"M4A1-S - Icarus Fell","The Gods and Monsters","only standard",2015
"M4A4 - Poseidon","The Gods and Monsters","only standard",2015
"AWP - Medusa","The Gods and Monsters","only standard",2015
"MP9 - Pandora's Box","The Gods and Monsters","only standard",2015
"MP7 | Special Delivery","Shadow Case","StatTrak",2015
"Sawed-Off - Bamboo Shadow","The Rising Sun Collection","only standard",2015
"PP-Bizon - Bamboo Print","The Rising Sun Collection","only standard",2015
"P250 - Mint Kimono","The Rising Sun Collection","only standard",2015
"Tec-9 - Bamboo Forest","The Rising Sun Collection","only standard",2015
"G3SG1 - Orange Kimono","The Rising Sun Collection","only standard",2015
"P250 - Crimson Kimono","The Rising Sun Collection","only standard",2015
"Desert Eagle - Midnight Storm","The Rising Sun Collection","only standard",2015
"Tec-9 - Terrace","The Rising Sun Collection","only standard",2015
"Galil AR - Aqua Terrace","The Rising Sun Collection","only standard",2015
"M4A4 - Daybreak","The Rising Sun Collection","only standard",2015
"Five-SeveN - Neon Kimono","The Rising Sun Collection","only standard",2015
"Desert Eagle - Sunset Storm 弐","The Rising Sun Collection","only standard",2015
"Desert Eagle - Sunset Storm 壱","The Rising Sun Collection","only standard",2015
"AK-47 - Hydroponic","The Rising Sun Collection","only standard",2015
"AUG - Akihabara Accept","The Rising Sun Collection","only standard",2015
"MAG-7 - Counter Terrace","The Rising Sun Collection","only standard",2015
"Desert Eagle - Night","The Chop Shop Collection","only standard",2015
"M249 | Nebula Crusader","Shadow Case","StatTrak",2015
"Galil AR | Stone Cold","Shadow Case","StatTrak",2015
"XM1014 | Scumbria","Shadow Case","StatTrak",2015
"SCAR-20 | Green Marine","Shadow Case","StatTrak",2015
"MAG-7 | Cobalt Core","Shadow Case","StatTrak",2015
"MAC-10 | Rangeen","Shadow Case","StatTrak",2015
"Glock-18 | Wraiths","Shadow Case","StatTrak",2015
"FAMAS | Survivor Z","Shadow Case","StatTrak",2015
"Dual Berettas | Dualing Dragons","Shadow Case","StatTrak",2015
"AWP | Hyper Beast","Falchion Case","StatTrak",2015
"AK-47 | Aquamarine Revenge","Falchion Case","StatTrak",2015
"SG 553 | Cyrex","Falchion Case","StatTrak",2015
"MP7 | Nemesis","Falchion Case","StatTrak",2015
"CZ75-Auto | Yellow Jacket","Falchion Case","StatTrak",2015
"Galil AR - Urban Rubble","The Chop Shop Collection","only standard",2015
"USP-S - Para Green","The Chop Shop Collection","only standard",2015
"MAC-10 - Fade","The Chop Shop Collection","only standard",2015
"P250 - Whiteout","The Chop Shop Collection","only standard",2015
"Five-SeveN - Nitro","The Chop Shop Collection","only standard",2015
"CZ75-Auto - Emerald","The Chop Shop Collection","only standard",2015
"SG 553 - Bulldozer","The Chop Shop Collection","only standard",2015
"SCAR-20 - Army Sheen","The Chop Shop Collection","only standard",2015
"Tec-9 | Fuel Injector","Gamma 2 Case","StatTrak",2016
"Tec-9 | Ice Cap","Gamma Case","StatTrak",2016
"AUG | Aristocrat","Gamma Case","StatTrak",2016
"AWP | Phobos","Gamma Case","StatTrak",2016
"P90 | Chopper","Gamma Case","StatTrak",2016
"R8 Revolver | Reboot","Gamma Case","StatTrak",2016
"Sawed-Off | Limelight","Gamma Case","StatTrak",2016
"M4A4 | Desolate Space","Gamma Case","StatTrak",2016
"P2000 | Imperial Dragon","Gamma Case","StatTrak",2016
"SCAR-20 | Bloodsport","Gamma Case","StatTrak",2016
"Glock-18 | Wasteland Rebel","Gamma Case","StatTrak",2016
"M4A1-S | Mecha Industries","Gamma Case","StatTrak",2016
"CZ75-Auto | Imprint","Gamma 2 Case","StatTrak",2016
"Five-SeveN | Scumbria","Gamma 2 Case","StatTrak",2016
"G3SG1 | Ventilator","Gamma 2 Case","StatTrak",2016
"Negev | Dazzle","Gamma 2 Case","StatTrak",2016
"P90 | Grim","Gamma 2 Case","StatTrak",2016
"UMP-45 | Briefing","Gamma 2 Case","StatTrak",2016
"XM1014 | Slipstream","Gamma 2 Case","StatTrak",2016
"Desert Eagle | Directive","Gamma 2 Case","StatTrak",2016
"Glock-18 | Weasel","Gamma 2 Case","StatTrak",2016
"MAG-7 | Petroglyph","Gamma 2 Case","StatTrak",2016
"SCAR-20 | Powercore","Gamma 2 Case","StatTrak",2016
"SG 553 | Triarch","Gamma 2 Case","StatTrak",2016
"AUG | Syd Mead","Gamma 2 Case","StatTrak",2016
"MP9 | Airlock","Gamma 2 Case","StatTrak",2016
"SG 553 | Aerial","Gamma Case","StatTrak",2016
"AK-47 | Neon Revolution","Gamma 2 Case","StatTrak",2016
"FAMAS | Roll Cage","Gamma 2 Case","StatTrak",2016
"CZ75-Auto | Polymer","Glove Case","StatTrak",2016
"Glock-18 | Ironwork","Glove Case","StatTrak",2016
"MP7 | Cirrus","Glove Case","StatTrak",2016
"Galil AR | Black Sand","Glove Case","StatTrak",2016
"MP9 | Sand Scale","Glove Case","StatTrak",2016
"MAG-7 | Sonar","Glove Case","StatTrak",2016
"P2000 | Turf","Glove Case","StatTrak",2016
"Dual Berettas | Royal Consorts","Glove Case","StatTrak",2016
"G3SG1 | Stinger","Glove Case","StatTrak",2016
"M4A1-S | Flashback","Glove Case","StatTrak",2016
"Nova | Gila","Glove Case","StatTrak",2016
"USP-S | Cyrex","Glove Case","StatTrak",2016
"FAMAS | Mecha Industries","Glove Case","StatTrak",2016
"P90 | Shallow Grave","Glove Case","StatTrak",2016
"Sawed-Off | Wasteland Princess","Glove Case","StatTrak",2016
"SSG 08 | Dragonfire","Glove Case","StatTrak",2016
"M4A4 | Buzz Kill","Glove Case","StatTrak",2016
"M4A4 | The Battlestar","Operation Wildfire Case","StatTrak",2016
"AK-47 | Fuel Injector","Operation Wildfire Case","StatTrak",2016
"Nova | Hyper Beast","Operation Wildfire Case","StatTrak",2016
"Desert Eagle | Kumicho Dragon","Operation Wildfire Case","StatTrak",2016
"AWP | Elite Build","Operation Wildfire Case","StatTrak",2016
"MP7 | Impire","Operation Wildfire Case","StatTrak",2016
"MAG-7 | Praetorian","Operation Wildfire Case","StatTrak",2016
"Glock-18 | Royal Legion","Operation Wildfire Case","StatTrak",2016
"Five-SeveN | Triumvirate","Operation Wildfire Case","StatTrak",2016
"Dual Berettas | Ventilators","Chroma 3 Case","StatTrak",2016
"G3SG1 | Orange Crash","Chroma 3 Case","StatTrak",2016
"M249 | Spectre","Chroma 3 Case","StatTrak",2016
"MP9 | Bioleak","Chroma 3 Case","StatTrak",2016
"P2000 | Oceanic","Chroma 3 Case","StatTrak",2016
"Sawed-Off | Fubar","Chroma 3 Case","StatTrak",2016
"SG 553 | Atlas","Chroma 3 Case","StatTrak",2016
"CZ75-Auto | Red Astor","Chroma 3 Case","StatTrak",2016
"Galil AR | Firefight","Chroma 3 Case","StatTrak",2016
"SSG 08 | Ghost Crusader","Chroma 3 Case","StatTrak",2016
"Tec-9 | Re-Entry","Chroma 3 Case","StatTrak",2016
"XM1014 | Black Tie","Chroma 3 Case","StatTrak",2016
"AUG | Fleet Flock","Chroma 3 Case","StatTrak",2016
"P250 | Asiimov","Chroma 3 Case","StatTrak",2016
"UMP-45 | Primal Saber","Chroma 3 Case","StatTrak",2016
"PP-Bizon | Judgement of Anubis","Chroma 3 Case","StatTrak",2016
"M4A1-S | Chantico's Fire","Chroma 3 Case","StatTrak",2016
"FAMAS | Valence","Operation Wildfire Case","StatTrak",2016
"USP-S | Lead Conduit","Operation Wildfire Case","StatTrak",2016
"Tec-9 | Jambiya","Operation Wildfire Case","StatTrak",2016
"SSG 08 | Necropos","Operation Wildfire Case","StatTrak",2016
"MAC-10 | Lapis Gator","Operation Wildfire Case","StatTrak",2016
"Dual Berettas | Cartel","Operation Wildfire Case","StatTrak",2016
"PP-Bizon | Photic Zone","Operation Wildfire Case","StatTrak",2016
"Five-SeveN | Violent Daimyo","Gamma Case","StatTrak",2016
"MAC-10 | Carnivore","Gamma Case","StatTrak",2016
"Nova | Exo","Gamma Case","StatTrak",2016
"P250 | Iron Clad","Gamma Case","StatTrak",2016
"PP-Bizon | Harvester","Gamma Case","StatTrak",2016
"AWP | Fever Dream","Spectrum Case","StatTrak",2017
"XM1014 | Seasons","Spectrum Case","StatTrak",2017
"UMP-45 | Scaffold","Spectrum Case","StatTrak",2017
"MAC-10 | Last Dive","Spectrum Case","StatTrak",2017
"M249 | Emerald Poison Dart","Spectrum Case","StatTrak",2017
"Galil AR | Crimson Tsunami","Spectrum Case","StatTrak",2017
"Sawed-Off | Zander","Spectrum Case","StatTrak",2017
"P250 | Ripple","Spectrum Case","StatTrak",2017
"MP7 | Akoben","Spectrum Case","StatTrak",2017
"Five-SeveN | Capillary","Spectrum Case","StatTrak",2017
"Desert Eagle | Oxide Blaze","Spectrum Case","StatTrak",2017
"PP-Bizon | Jungle Slipstream","Spectrum Case","StatTrak",2017
"SCAR-20 | Blueprint","Spectrum Case","StatTrak",2017
"P250 | See Ya Later","Spectrum 2 Case","StatTrak",2017
"AK-47 | The Empress","Spectrum 2 Case","StatTrak",2017
"R8 Revolver | Llama Cannon","Spectrum 2 Case","StatTrak",2017
"M4A1-S | Leaded Glass","Spectrum 2 Case","StatTrak",2017
"PP-Bizon | High Roller","Spectrum 2 Case","StatTrak",2017
"XM1014 | Ziggy","Spectrum 2 Case","StatTrak",2017
"UMP-45 | Exposure","Spectrum 2 Case","StatTrak",2017
"CZ75-Auto | Tacticat","Spectrum 2 Case","StatTrak",2017
"SG 553 | Phantom","Spectrum 2 Case","StatTrak",2017
"MP9 | Goo","Spectrum 2 Case","StatTrak",2017
"SCAR-20 | Jungle Slipstream","Spectrum 2 Case","StatTrak",2017
"Tec-9 | Cracked Opal","Spectrum 2 Case","StatTrak",2017
"MAC-10 | Oceanic","Spectrum 2 Case","StatTrak",2017
"Glock-18 | Off World","Spectrum 2 Case","StatTrak",2017
"G3SG1 | Hunter","Spectrum 2 Case","StatTrak",2017
"AUG | Triqua","Spectrum 2 Case","StatTrak",2017
"Sawed-Off | Morris","Spectrum 2 Case","StatTrak",2017
"AWP | Oni Taiji","Operation Hydra Case","StatTrak",2017
"Five-SeveN | Hyper Beast","Operation Hydra Case","StatTrak",2017
"M4A4 | Hellfire","Operation Hydra Case","StatTrak",2017
"Galil AR | Sugar Rush","Operation Hydra Case","StatTrak",2017
"Dual Berettas | Cobra Strike","Operation Hydra Case","StatTrak",2017
"SSG 08 | Death's Head","Operation Hydra Case","StatTrak",2017
"P90 | Death Grip","Operation Hydra Case","StatTrak",2017
"P250 | Red Rock","Operation Hydra Case","StatTrak",2017
"P2000 | Woodsman","Operation Hydra Case","StatTrak",2017
"AK-47 | Orbit Mk01","Operation Hydra Case","StatTrak",2017
"UMP-45 | Metal Flowers","Operation Hydra Case","StatTrak",2017
"Tec-9 | Cut Out","Operation Hydra Case","StatTrak",2017
"MAG-7 | Hard Water","Operation Hydra Case","StatTrak",2017
"MAC-10 | Aloha","Operation Hydra Case","StatTrak",2017
"M4A1-S | Briefing","Operation Hydra Case","StatTrak",2017
"FAMAS | Macabre","Operation Hydra Case","StatTrak",2017
"USP-S | Blueprint","Operation Hydra Case","StatTrak",2017
"USP-S | Neo-Noir","Spectrum Case","StatTrak",2017
"AK-47 | Bloodsport","Spectrum Case","StatTrak",2017
"M4A1-S | Decimator","Spectrum Case","StatTrak",2017
"CZ75-Auto | Xiangliu","Spectrum Case","StatTrak",2017
"FAMAS | Eye of Athena","Horizon Case","StatTrak",2018
"PP-Bizon | Night Riot","Clutch Case","StatTrak",2018
"Five-SeveN | Flame Test","Clutch Case","StatTrak",2018
"MP9 | Black Sand","Clutch Case","StatTrak",2018
"P2000 | Urban Hazard","Clutch Case","StatTrak",2018
"R8 Revolver | Grip","Clutch Case","StatTrak",2018
"SG 553 | Aloha","Clutch Case","StatTrak",2018
"XM1014 | Oxide Blaze","Clutch Case","StatTrak",2018
"Glock-18 | Moonrise","Clutch Case","StatTrak",2018
"Negev | Lionfish","Clutch Case","StatTrak",2018
"Nova | Wild Six","Clutch Case","StatTrak",2018
"MAG-7 | SWAG-7","Clutch Case","StatTrak",2018
"UMP-45 | Arctic Wolf","Clutch Case","StatTrak",2018
"AUG | Stymphalian","Clutch Case","StatTrak",2018
"AWP | Mortis","Clutch Case","StatTrak",2018
"USP-S | Cortex","Clutch Case","StatTrak",2018
"M4A4 | Neo-Noir","Clutch Case","StatTrak",2018
"MP7 | Bloodsport","Clutch Case","StatTrak",2018
"AUG | Amber Slipstream","Horizon Case","StatTrak",2018
"Dual Berettas | Shred","Horizon Case","StatTrak",2018
"Glock-18 | Warhawk","Horizon Case","StatTrak",2018
"MP9 | Capillary","Horizon Case","StatTrak",2018
"P90 | Traction","Horizon Case","StatTrak",2018
"R8 Revolver | Survivalist","Horizon Case","StatTrak",2018
"Tec-9 | Snek-9","Horizon Case","StatTrak",2018
"CZ75-Auto | Eco","Horizon Case","StatTrak",2018
"G3SG1 | High Seas","Horizon Case","StatTrak",2018
"Nova | Toy Soldier","Horizon Case","StatTrak",2018
"AWP | PAW","Horizon Case","StatTrak",2018
"MP7 | Powercore","Horizon Case","StatTrak",2018
"M4A1-S | Nightmare","Horizon Case","StatTrak",2018
"Sawed-Off | Devourer","Horizon Case","StatTrak",2018
"AK-47 | Neon Rider","Horizon Case","StatTrak",2018
"Desert Eagle | Code Red","Horizon Case","StatTrak",2018
"MAG-7 - Rust Coat","The 2018 Inferno Collection","Souvenir",2018
"AUG - Sweeper","The 2018 Inferno Collection","Souvenir",2018
"MP9 - Slide","The 2018 Inferno Collection","Souvenir",2018
"UMP-45 - Mudder","The 2018 Inferno Collection","Souvenir",2018
"MP5-SD - Dirt Drop","The 2018 Inferno Collection","Souvenir",2018
"PP-Bizon - Candy Apple","The 2018 Inferno Collection","Souvenir",2018
"MAC-10 - Calf Skin","The 2018 Inferno Collection","Souvenir",2018
"R8 Revolver - Nitro","The 2018 Inferno Collection","Souvenir",2018
"Glock-18 - High Beam","The 2018 Inferno Collection","Souvenir",2018
"SSG 08 - Hand Brake","The 2018 Inferno Collection","Souvenir",2018
"USP-S - Check Engine","The 2018 Inferno Collection","Souvenir",2018
"M4A4 - Converter","The 2018 Inferno Collection","Souvenir",2018
"MP7 - Fade","The 2018 Inferno Collection","Souvenir",2018
"P250 - Vino Primo","The 2018 Inferno Collection","Souvenir",2018
"AK-47 - Safety Net","The 2018 Inferno Collection","Souvenir",2018
"Dual Berettas - Twin Turbo","The 2018 Inferno Collection","Souvenir",2018
"SG 553 - Integrale","The 2018 Inferno Collection","Souvenir",2018
"Sawed-Off - Brake Light","The 2018 Inferno Collection","Souvenir",2018
"Nova - Mandrel","The 2018 Nuke collection","Souvenir",2018
"PP-Bizon - Facility Sketch","The 2018 Nuke collection","Souvenir",2018
"Five-seveN - Coolant","The 2018 Nuke collection","Souvenir",2018
"UMP-45 - Facility Dark","The 2018 Nuke collection","Souvenir",2018
"P250 - Facility Draft","The 2018 Nuke collection","Souvenir",2018
"Negev - Bulkhead","The 2018 Nuke collection","Souvenir",2018
"Galil AR - Cold Fusion","The 2018 Nuke collection","Souvenir",2018
"M4A4 - Mainframe","The 2018 Nuke collection","Souvenir",2018
"MP7 - Motherboard","The 2018 Nuke collection","Souvenir",2018
"P90 - Facility Negative","The 2018 Nuke collection","Souvenir",2018
"AWP - Acheron","The 2018 Nuke collection","Souvenir",2018
"MP5-SD - Co-Processor","The 2018 Nuke collection","Souvenir",2018
"AUG - Random Access","The 2018 Nuke collection","Souvenir",2018
"MAG-7 - Core Breach","The 2018 Nuke collection","Souvenir",2018
"Glock-18 - Nuclear Garden","The 2018 Nuke collection","Souvenir",2018
"M4A1-S - Control Panel","The 2018 Nuke collection","Souvenir",2018
"Tec-9 - Remote Control","The 2018 Nuke collection","Souvenir",2018
"P250 - Exchanger","The 2018 Nuke collection","Souvenir",2018
"MP5-SD - Lab Rats","The Blacksite Collection","Souvenir",2018
"CZ75-Auto - Indigo","The Canals Collection","only standard",2019
"SCAR-20 - Stone Mosaico","The Canals Collection","only standard",2019
"R8 Revolver - Canal Spray","The Canals Collection","only standard",2019
"AUG - Navy Murano","The Canals Collection","only standard",2019
"Negev - Boroque Sand","The Canals Collection","only standard",2019
"FAMAS | Crypsis","Prisma Case","StatTrak",2019
"AK-47 | Uncharted","Prisma Case","StatTrak",2019
"MAC-10 | Whitefish","Prisma Case","StatTrak",2019
"Galil AR | Akoben","Prisma Case","StatTrak",2019
"MP7 | Mischief","Prisma Case","StatTrak",2019
"P250 | Verdigris","Prisma Case","StatTrak",2019
"P90 | Off World","Prisma Case","StatTrak",2019
"AWP | Atheris","Prisma Case","StatTrak",2019
"Tec-9 | Bamboozle","Prisma Case","StatTrak",2019
"Desert Eagle | Light Rail","Prisma Case","StatTrak",2019
"MP5-SD | Gauss","Prisma Case","StatTrak",2019
"R8 Revolver | Skull Crusher","Prisma Case","StatTrak",2019
"UMP-45 | Moonrise","Prisma Case","StatTrak",2019
"MP7 | Neon Ply","Shattered Web Case","StatTrak",2019
"Tec-9 | Decimator","Shattered Web Case","StatTrak",2019
"P2000 | Obsidian","Shattered Web Case","StatTrak",2019
"AUG | Arctic Wolf","Shattered Web Case","StatTrak",2019
"AK-47 | Rat Rod","Shattered Web Case","StatTrak",2019
"PP-Bizon | Embargo","Shattered Web Case","StatTrak",2019
"M249 | Warbird","Shattered Web Case","StatTrak",2019
"SCAR-20 | Torn","Shattered Web Case","StatTrak",2019
"Dual Berettas | Balance","Shattered Web Case","StatTrak",2019
"SSG 08 | Bloodshot","Shattered Web Case","StatTrak",2019
"AWP | Containment Breach","Shattered Web Case","StatTrak",2019
"MAC-10 | Stalker","Shattered Web Case","StatTrak",2019
"SG 553 | Colony IV","Shattered Web Case","StatTrak",2019
"Five-SeveN - Crimson Blossom","The St. Marc Collection","only standard",2019
"AK-47 - Wild Lotus","The St. Marc Collection","only standard",2019
"MP9 - Wild Lily","The St. Marc Collection","only standard",2019
"SSG 08 - Sea Calico","The St. Marc Collection","only standard",2019
"AUG - Midnight Lily","The St. Marc Collection","only standard",2019
"Glock-18 - Synth Leaf","The St. Marc Collection","only standard",2019
"MP7 - Teal Blossom","The St. Marc Collection","only standard",2019
"FAMAS - Sundown","The St. Marc Collection","only standard",2019
"UMP-45 - Day Lily","The St. Marc Collection","only standard",2019
"M4A4 - Dark Blossom","The St. Marc Collection","only standard",2019
"XM1014 - Banana Leaf","The St. Marc Collection","only standard",2019
"Tec-9 - Rust Leaf","The St. Marc Collection","only standard",2019
"P90 - Sunset Lily","The St. Marc Collection","only standard",2019
"R8 Revolver | Memento","Shattered Web Case","StatTrak",2019
"G3SG1 | Black Sand","Shattered Web Case","StatTrak",2019
"Nova | Plume","Shattered Web Case","StatTrak",2019
"MP5-SD | Acid Wash","Shattered Web Case","StatTrak",2019
"FAMAS | Commemoration","CS20 Case","StatTrak",2019
"AWP | Wildfire","CS20 Case","StatTrak",2019
"AUG | Death by Puppy","CS20 Case","StatTrak",2019
"P90 | Nostalgia","CS20 Case","StatTrak",2019
"MP9 | Hydra","CS20 Case","StatTrak",2019
"M249 - Jungle","The St. Marc Collection","only standard",2019
"MP5-SD - Bamboo Garden","The St. Marc Collection","only standard",2019
"PP-Bizon - Seabird","The St. Marc Collection","only standard",2019
"Sawed-Off - Jungle Thicket","The St. Marc Collection","only standard",2019
"MAC-10 - Copper Borre","The Norse Collection","only standard",2019
"AWP - Gungnir","The Norse Collection","only standard",2019
"Negev - Mjölnir","The Norse Collection","only standard",2019
"Desert Eagle - Emerald Jörmungandr","The Norse Collection","only standard",2019
"P90 - Astral Jörmungandr","The Norse Collection","only standard",2019
"AUG - Flame Jörmungandr","The Norse Collection","only standard",2019
"CZ75-Auto - Emerald Quartz","The Norse Collection","only standard",2019
"SCAR-20 - Brass","The Norse Collection","only standard",2019
"XM1014 - Frost Borre","The Norse Collection","only standard",2019
"Dual Berettas - Pyre","The Norse Collection","only standard",2019
"M4A1-S - Moss Quartz","The Norse Collection","only standard",2019
"MAG-7 - Chainmail","The Norse Collection","only standard",2019
"SSG 08 - Red Stone","The Norse Collection","only standard",2019
"UMP-45 | Plastique","CS20 Case","StatTrak",2019
"P250 | Inferno","CS20 Case","StatTrak",2019
"Five-SeveN | Buddy","CS20 Case","StatTrak",2019
"MP5-SD | Agent","CS20 Case","StatTrak",2019
"M249 | Aztec","CS20 Case","StatTrak",2019
"Glock-18 | Sacrifice","CS20 Case","StatTrak",2019
"FAMAS | Decommissioned","CS20 Case","StatTrak",2019
"SCAR-20 | Assault","CS20 Case","StatTrak",2019
"MAG-7 | Popdog","CS20 Case","StatTrak",2019
"Galil AR - Tornado","The Norse Collection","only standard",2019
"FAMAS - Night Borre","The Norse Collection","only standard",2019
"MP7 - Scorched","The Norse Collection","only standard",2019
"SG 553 - Barricade","The Norse Collection","only standard",2019
"USP-S - Pathfinder","The Norse Collection","only standard",2019
"SSG 08 - Orange Filigree","The Canals Collection","only standard",2019
"AWP - The Prince","The Canals Collection","only standard",2019
"MAG-7 - Cinquedea","The Canals Collection","only standard",2019
"MP9 - Stained Glass","The Canals Collection","only standard",2019
"MAC-10 - Red Filigree","The Canals Collection","only standard",2019
"Nova - Baroque Orange","The Canals Collection","only standard",2019
"Dual Berettas - Emerald","The Canals Collection","only standard",2019
"G3SG1 - Violet Murano","The Canals Collection","only standard",2019
"P90 - Baroque Red","The Canals Collection","only standard",2019
"AK-47 - Baroque Purple","The Canals Collection","only standard",2019
"SG 553 - Candy Apple","The Canals Collection","only standard",2019
"Tec-9 - Orange Murano","The Canals Collection","only standard",2019
"MAC-10 | Classic Crate","CS20 Case","StatTrak",2019
"Tec-9 | Flash Out","CS20 Case","StatTrak",2019
"Dual Berettas | Elite 1.6","CS20 Case","StatTrak",2019
"M4A4 | The Emperor","Prisma Case","StatTrak",2019
"Five-SeveN | Angry Mob","Prisma Case","StatTrak",2019
"XM1014 | Incinegator","Prisma Case","StatTrak",2019
"AUG | Momentum","Prisma Case","StatTrak",2019
"P250 - Dark Filigree","The Canals Collection","only standard",2019
"P250 - Bengal Tiger","The Havoc Collection","only standard",2020
"CZ75-Auto | Vendetta","Operation Broken Fang Case","StatTrak",2020
"P90 | Cocoa Rampage","Operation Broken Fang Case","StatTrak",2020
"G3SG1 | Digital Mesh","Operation Broken Fang Case","StatTrak",2020
"Galil AR | Vandal","Operation Broken Fang Case","StatTrak",2020
"P250 | Contaminant","Operation Broken Fang Case","StatTrak",2020
"M249 | Deep Relief","Operation Broken Fang Case","StatTrak",2020
"MP5-SD | Condition Zero","Operation Broken Fang Case","StatTrak",2020
"AWP | Exoskeleton","Operation Broken Fang Case","StatTrak",2020
"Dual Berettas | Dezastre","Operation Broken Fang Case","StatTrak",2020
"Nova | Clear Polymer","Operation Broken Fang Case","StatTrak",2020
"SSG 08 | Parallax","Operation Broken Fang Case","StatTrak",2020
"UMP-45 | Gold Bismuth","Operation Broken Fang Case","StatTrak",2020
"Five-SeveN | Fairy Tale","Operation Broken Fang Case","StatTrak",2020
"M4A4 | Cyber Security","Operation Broken Fang Case","StatTrak",2020
"USP-S | Monster Mashup","Operation Broken Fang Case","StatTrak",2020
"M4A1-S | Printstream","Operation Broken Fang Case","StatTrak",2020
"Glock-18 | Neo-Noir","Operation Broken Fang Case","StatTrak",2020
"Nova - Army Sheen","The Ancient Collection","Souvenir",2020
"P90 - Ancient Earth","The Ancient Collection","Souvenir",2020
"SG 553 - Lush Ruins","The Ancient Collection","Souvenir",2020
"SSG 08 - Jungle Dashed","The Ancient Collection","Souvenir",2020
"R8 Revolver - Night","The Ancient Collection","Souvenir",2020
"MP7 - Tall Grass","The Ancient Collection","Souvenir",2020
"G3SG1 - Ancient Ritual","The Ancient Collection","Souvenir",2020
"P2000 - Panther Camo","The Ancient Collection","Souvenir",2020
"CZ75 Auto - Silver","The Ancient Collection","Souvenir",2020
"FAMAS - Dark Water","The Ancient Collection","Souvenir",2020
"Galil AR - Dusk Ruins","The Ancient Collection","Souvenir",2020
"AUG - Carved Jade","The Ancient Collection","Souvenir",2020
"XM1014 - Ancient Lore","The Ancient Collection","Souvenir",2020
"MAC-10 - Gold Brick","The Ancient Collection","Souvenir",2020
"USP-S - Ancient Visions","The Ancient Collection","Souvenir",2020
"P90 - Run and Hide","The Ancient Collection","Souvenir",2020
"AK-47 - Panthera onca","The Ancient Collection","Souvenir",2020
"M4A1-S - Welcome to the Jungle","The Ancient Collection","Souvenir",2020
"Tec-9 - Blast From the Past","The Ancient Collection","Souvenir",2020
"XM1014 - Charter","The Control Collection","only standard",2020
"P250 - Forest Night","The Control Collection","only standard",2020
"CZ75 Auto - Jungle Dashed","The Control Collection","only standard",2020
"AUG - Surveillance","The Control Collection","only standard",2020
"MAG-7 - Carbon Fiber","The Control Collection","only standard",2020
"MP9 - Army Sheen","The Control Collection","only standard",2020
"Desert Eagle - The Bronze","The Control Collection","only standard",2020
"Dual Berettas - Switch Board","The Control Collection","only standard",2020
"MP5-SD - Nitro","The Control Collection","only standard",2020
"SSG 08 - Threat Detected","The Control Collection","only standard",2020
"SCAR-20 - Magna Carter","The Control Collection","only standard",2020
"M4A4 - Global Offensive","The Control Collection","only standard",2020
"FAMAS - Prime Conspiracy","The Control Collection","only standard",2020
"UMP-45 - Crime Scene","The Control Collection","only standard",2020
"Five-SeveN - Berries and Cherries","The Control Collection","only standard",2020
"USP-S - Target Acquired","The Control Collection","only standard",2020
"M4A1-S - Blue Phosphor","The Control Collection","only standard",2020
"AWP - Fade","The Control Collection","only standard",2020
"P2000 - Dispatch","The Control Collection","only standard",2020
"Tec-9 - Phoenix Chalk","The Havoc Collection","only standard",2020
"Dual Berettas - Heist","The Havoc Collection","only standard",2020
"PP-Bizon - Death Rattle","The Havoc Collection","only standard",2020
"Sawed-Off - Clay Ambush","The Havoc Collection","only standard",2020
"M249 - Predator","The Havoc Collection","only standard",2020
"R8 Revolver - Phoenix Marker","The Havoc Collection","only standard",2020
"MP7 - Vault Heist","The Havoc Collection","only standard",2020
"UMP-45 - Houndstooth","The Havoc Collection","only standard",2020
"Nova - Rust Coat","The Havoc Collection","only standard",2020
"P90 - Tiger Pit","The Havoc Collection","only standard",2020
"Desert Eagle - Night Heist","The Havoc Collection","only standard",2020
"SG 553 - Hypnotic","The Havoc Collection","only standard",2020
"Galil AR - Phoenix Blacklight","The Havoc Collection","only standard",2020
"Glock-18 - Franklin","The Havoc Collection","only standard",2020
"AWP - Silk Tiger","The Havoc Collection","only standard",2020
"MAC-10 - Hot Snakes","The Havoc Collection","only standard",2020
"AK-47 - X-Ray","The Havoc Collection","only standard",2020
"Negev - Phoenix Stencil","The Havoc Collection","only standard",2020
"Sawed-Off | Apocalypto","Prisma 2 Case","StatTrak",2020
"SCAR-20 | Enforcer","Prisma 2 Case","StatTrak",2020
"SG 553 | Darkwing","Prisma 2 Case","StatTrak",2020
"SSG 08 | Fever Dream","Prisma 2 Case","StatTrak",2020
"AK-47 | Phantom Disruptor","Prisma 2 Case","StatTrak",2020
"MAC-10 | Disco Tech","Prisma 2 Case","StatTrak",2020
"MAG-7 | Justice","Prisma 2 Case","StatTrak",2020
"M4A1-S | Player Two","Prisma 2 Case","StatTrak",2020
"Glock-18 | Bullet Queen","Prisma 2 Case","StatTrak",2020
"P2000 | Acid Etched","Prisma 2 Case","StatTrak",2020
"R8 Revolver | Bone Forged","Prisma 2 Case","StatTrak",2020
"Negev | Prototype","Prisma 2 Case","StatTrak",2020
"MP5-SD | Desert Strike","Prisma 2 Case","StatTrak",2020
"Desert Eagle | Blue Ply","Prisma 2 Case","StatTrak",2020
"Negev | Ultralight","Fracture Case","StatTrak",2020
"P2000 | Gnarled","Fracture Case","StatTrak",2020
"SG 553 | Ol' Rusty","Fracture Case","StatTrak",2020
"SSG 08 | Mainframe 001","Fracture Case","StatTrak",2020
"P250 | Cassette","Fracture Case","StatTrak",2020
"P90 | Freight","Fracture Case","StatTrak",2020
"PP-Bizon | Runic","Fracture Case","StatTrak",2020
"MAG-7 | Monster Call","Fracture Case","StatTrak",2020
"Tec-9 | Brother","Fracture Case","StatTrak",2020
"MAC-10 | Allure","Fracture Case","StatTrak",2020
"Galil AR | Connexion","Fracture Case","StatTrak",2020
"MP5-SD | Kitbash","Fracture Case","StatTrak",2020
"M4A4 | Tooth Fairy","Fracture Case","StatTrak",2020
"Glock-18 | Vogue","Fracture Case","StatTrak",2020
"XM1014 | Entombed","Fracture Case","StatTrak",2020
"Desert Eagle | Printstream","Fracture Case","StatTrak",2020
"AK-47 | Legion of Anubis","Fracture Case","StatTrak",2020
"CZ75-Auto | Distressed","Prisma 2 Case","StatTrak",2020
"AWP | Capillary","Prisma 2 Case","StatTrak",2020
"AUG | Tom Cat","Prisma 2 Case","StatTrak",2020
"MP9 - Old Roots","The 2021 Dust 2 Collection","Souvenir",2021
"MP9 - Music Box","The 2021 Mirage collection","Souvenir",2021
"M249 - Humidor","The 2021 Mirage collection","Souvenir",2021
"SG 553 - Desert Blossom","The 2021 Mirage collection","Souvenir",2021
"XM1014 - Elegant Vines","The 2021 Mirage collection","Souvenir",2021
"Glock-18 - Pink DDPAT","The 2021 Mirage collection","Souvenir",2021
"AUG - Sand Storm","The 2021 Mirage collection","Souvenir",2021
"MP5-SD - Oxide Oasis","The 2021 Mirage collection","Souvenir",2021
"Desert Eagle - Fennec Fox","The 2021 Mirage collection","Souvenir",2021
"AWP - Desert Hydra","The 2021 Mirage collection","Souvenir",2021
"USP-S - Purple DDPAT","The 2021 Mirage collection","Souvenir",2021
"Desert Eagle - Sputnik","The 2021 Train Collection","Souvenir",2021
"M4A1-S - Fizzy Pop","The 2021 Train Collection","Souvenir",2021
"SSG 08 - Spring Twilly","The 2021 Train Collection","Souvenir",2021
"AUG - Amber Fade","The 2021 Train Collection","Souvenir",2021
"UMP-45 - Full Stop","The 2021 Train Collection","Souvenir",2021
"Tec-9 - Safety Net","The 2021 Train Collection","Souvenir",2021
"R8 Revolver - Blaze","The 2021 Train Collection","Souvenir",2021
"CZ75-Auto - Syndicate","The 2021 Train Collection","Souvenir",2021
"AWP - POP AWP","The 2021 Train Collection","Souvenir",2021
"MP5-SD - Autumn Twilly","The 2021 Train Collection","Souvenir",2021
"Nova - Red Quartz","The 2021 Train Collection","Souvenir",2021
"USP-S - Whiteout","The 2021 Train Collection","Souvenir",2021
"MAC-10 - Propaganda","The 2021 Train Collection","Souvenir",2021
"FAMAS - Meltdown","The 2021 Train Collection","Souvenir",2021
"CZ75-Auto | Circaetus","Snakebite Case","StatTrak",2021
"M4A4 - The Coalition","The 2021 Train Collection","Souvenir",2021
"Glock-18 - Gamma Doppler","The 2021 Train Collection","Souvenir",2021
"P2000 - Space Race","The 2021 Train Collection","Souvenir",2021
"MAC-10 - Strats","The 2021 Vertigo Collection","Souvenir",2021
"SG 553 | Heavy Metal","Snakebite Case","StatTrak",2021
"M249 | O.S.I.P.R.","Snakebite Case","StatTrak",2021
"Glock-18 | Clear Polymer","Snakebite Case","StatTrak",2021
"R8 Revolver - Desert Brush","The 2021 Dust 2 Collection","Souvenir",2021
"P90 - Desert DDPAT","The 2021 Dust 2 Collection","Souvenir",2021
"SG 553 - Bleached","The 2021 Dust 2 Collection","Souvenir",2021
"AWP | Neo-Noir","Danger Zone Case","StatTrak",2021
"AK-47 | Asiimov","Danger Zone Case","StatTrak",2021
"MP5-SD | Phosphor","Danger Zone Case","StatTrak",2021
"Desert Eagle | Mecha Industries","Danger Zone Case","StatTrak",2021
"UMP-45 | Momentum","Danger Zone Case","StatTrak",2021
"USP-S | Flashback","Danger Zone Case","StatTrak",2021
"P250 | Nevermore","Danger Zone Case","StatTrak",2021
"MAC-10 | Pipe Down","Danger Zone Case","StatTrak",2021
"Galil AR | Signal","Danger Zone Case","StatTrak",2021
"G3SG1 | Scavenger","Danger Zone Case","StatTrak",2021
"Tec-9 | Fubar","Danger Zone Case","StatTrak",2021
"SG 553 | Danger Close","Danger Zone Case","StatTrak",2021
"Sawed-Off | Black Sand","Danger Zone Case","StatTrak",2021
"M4A4 | Magnesium","Danger Zone Case","StatTrak",2021
"Nova | Wood Fired","Danger Zone Case","StatTrak",2021
"Glock-18 | Oxide Blaze","Danger Zone Case","StatTrak",2021
"MP9 | Modest Threat","Danger Zone Case","StatTrak",2021
"FAMAS - Faulty Wiring","The 2021 Vertigo Collection","Souvenir",2021
"XM1014 - Blue Tire","The 2021 Vertigo Collection","Souvenir",2021
"CZ75-Auto - Framework","The 2021 Vertigo Collection","Souvenir",2021
"Dual Berettas - Oil Change","The 2021 Vertigo Collection","Souvenir",2021
"Glock-18 - Red Tire","The 2021 Vertigo Collection","Souvenir",2021
"UMP-45 - Mechanism","The 2021 Vertigo Collection","Souvenir",2021
"SSG 08 - Carbon Fiber","The 2021 Vertigo Collection","Souvenir",2021
"PP-Bizon - Breaker Box","The 2021 Vertigo Collection","Souvenir",2021
"P90 - Schematic","The 2021 Vertigo Collection","Souvenir",2021
"Nova - Interlock","The 2021 Vertigo Collection","Souvenir",2021
"Negev - Infrastructure","The 2021 Vertigo Collection","Souvenir",2021
"Galil AR - CAUTION!","The 2021 Vertigo Collection","Souvenir",2021
"MAG-7 - Prism Terrace","The 2021 Vertigo Collection","Souvenir",2021
"P250 - Digital Architect","The 2021 Vertigo Collection","Souvenir",2021
"Five-SeveN - Fall Hazard","The 2021 Vertigo Collection","Souvenir",2021
"SG 553 - Hazard Pay","The 2021 Vertigo Collection","Souvenir",2021
"M4A1-S - Imminent Danger","The 2021 Vertigo Collection","Souvenir",2021
"AK-47 - Green Laminate","The 2021 Vertigo Collection","Souvenir",2021
"Desert Eagle | Ocean Drive","Operation Riptide Case","StatTrak",2021
"AK-47 | Leet Museo","Operation Riptide Case","StatTrak",2021
"SSG 08 | Turbo Peek","Operation Riptide Case","StatTrak",2021
"Glock-18 | Snack Attack","Operation Riptide Case","StatTrak",2021
"MAC-10 | Toybox","Operation Riptide Case","StatTrak",2021
"M4A4 | Spider Lily","Operation Riptide Case","StatTrak",2021
"MP9 | Mount Fuji","Operation Riptide Case","StatTrak",2021
"Five-SeveN | Boost Protocol","Operation Riptide Case","StatTrak",2021
"FAMAS | ZX Spectron","Operation Riptide Case","StatTrak",2021
"MAG-7 | BI83 Spectrum","Operation Riptide Case","StatTrak",2021
"XM1014 | Watchdog","Operation Riptide Case","StatTrak",2021
"USP-S | Black Lotus","Operation Riptide Case","StatTrak",2021
"PP-Bizon | Lumen","Operation Riptide Case","StatTrak",2021
"MP7 | Guerrilla","Operation Riptide Case","StatTrak",2021
"G3SG1 | Keeping Tabs","Operation Riptide Case","StatTrak",2021
"Dual Berettas | Tread","Operation Riptide Case","StatTrak",2021
"AUG | Plague","Operation Riptide Case","StatTrak",2021
"M4A4 | In Living Color","Snakebite Case","StatTrak",2021
"USP-S | The Traitor","Snakebite Case","StatTrak",2021
"Galil AR | Chromatic Aberration","Snakebite Case","StatTrak",2021
"XM1014 | XOXO","Snakebite Case","StatTrak",2021
"MP9 | Food Chain","Snakebite Case","StatTrak",2021
"AK-47 | Slate","Snakebite Case","StatTrak",2021
"Desert Eagle | Trigger Discipline","Snakebite Case","StatTrak",2021
"MAC-10 | Button Masher","Snakebite Case","StatTrak",2021
"Negev | dev_texture","Snakebite Case","StatTrak",2021
"P250 | Cyber Shell","Snakebite Case","StatTrak",2021
"Nova | Windblown","Snakebite Case","StatTrak",2021
"R8 Revolver | Junk Yard","Snakebite Case","StatTrak",2021
"UMP-45 | Oscillator","Snakebite Case","StatTrak",2021
"MP7 - Prey","The 2021 Dust 2 Collection","Souvenir",2021
"Sawed-Off - Parched","The 2021 Dust 2 Collection","Souvenir",2021
"AUG - Spalted Wood","The 2021 Dust 2 Collection","Souvenir",2021
"Five-SeveN - Withered Vine","The 2021 Dust 2 Collection","Souvenir",2021
"M249 - Midnight Palm","The 2021 Dust 2 Collection","Souvenir",2021
"Nova - Quick Sand","The 2021 Dust 2 Collection","Souvenir",2021
"G3SG1 - New Roots","The 2021 Dust 2 Collection","Souvenir",2021
"Galil AR - Amber Fade","The 2021 Dust 2 Collection","Souvenir",2021
"USP-S - Orange Anolis","The 2021 Dust 2 Collection","Souvenir",2021
"M4A4 - Red DDPAT","The 2021 Dust 2 Collection","Souvenir",2021
"MAC-10 - Case Hardened","The 2021 Dust 2 Collection","Souvenir",2021
"UMP-45 - Fade","The 2021 Dust 2 Collection","Souvenir",2021
"SSG 08 - Death Strike","The 2021 Dust 2 Collection","Souvenir",2021
"AK-47 - Gold Arabesque","The 2021 Dust 2 Collection","Souvenir",2021
"P250 - Black & Tan","The 2021 Dust 2 Collection","Souvenir",2021
"Dual Berettas - Drift Wood","The 2021 Mirage collection","Souvenir",2021
"P250 - Drought","The 2021 Mirage collection","Souvenir",2021
"PP-Bizon - Anolis","The 2021 Mirage collection","Souvenir",2021
"MAG-7 - Navy Sheen","The 2021 Mirage collection","Souvenir",2021
"MAC-10 - Sienna Damask","The 2021 Mirage collection","Souvenir",2021
"SSG 08 - Prey","The 2021 Mirage collection","Souvenir",2021
"FAMAS - CaliCamo","The 2021 Mirage collection","Souvenir",2021
"CZ75-Auto - Midnight Palm","The 2021 Mirage collection","Souvenir",2021
"P90 - Verdant Growth","The 2021 Mirage collection","Souvenir",2021
"XM1014 | Zombie Offensive","Dreams & Nightmares Case","StatTrak",2022
"M4A1-S | Night Terror","Dreams & Nightmares Case","StatTrak",2022
"G3SG1 | Dream Glade","Dreams & Nightmares Case","StatTrak",2022
"PP-Bizon | Space Cat","Dreams & Nightmares Case","StatTrak",2022
"Sawed-Off | Spirit Board","Dreams & Nightmares Case","StatTrak",2022
"SCAR-20 | Poultrygeist","Dreams & Nightmares Case","StatTrak",2022
"Negev | Drop Me","Recoil Case","StatTrak",2022
"MAC-10 | Monkeyflage","Recoil Case","StatTrak",2022
"M4A4 | Poly Mag","Recoil Case","StatTrak",2022
"Galil AR | Destroyer","Recoil Case","StatTrak",2022
"FAMAS | Meow 36","Recoil Case","StatTrak",2022
"MP7 | Abyssal Apparition","Dreams & Nightmares Case","StatTrak",2022
"MP9 | Starlight Protector","Dreams & Nightmares Case","StatTrak",2022
"AWP | Chromatic Aberration","Recoil Case","StatTrak",2022
"USP-S | Printstream","Recoil Case","StatTrak",2022
"Sawed-Off | Kiss♥Love","Recoil Case","StatTrak",2022
"P250 | Visions","Recoil Case","StatTrak",2022
"AK-47 | Ice Coaled","Recoil Case","StatTrak",2022
"Dual Berettas | Flora Carnivora","Recoil Case","StatTrak",2022
"P90 | Vent Rush","Recoil Case","StatTrak",2022
"SG 553 | Dragon Tech","Recoil Case","StatTrak",2022
"M249 | Downtown","Recoil Case","StatTrak",2022
"R8 Revolver | Crazy 8","Recoil Case","StatTrak",2022
"Glock-18 | Winterized","Recoil Case","StatTrak",2022
"UMP-45 | Roadblock","Recoil Case","StatTrak",2022
"AK-47 | Nightwish","Dreams & Nightmares Case","StatTrak",2022
"P2000 | Lifted Spirits","Dreams & Nightmares Case","StatTrak",2022
"MP5-SD | Necro Jr.","Dreams & Nightmares Case","StatTrak",2022
"MAG-7 | Foresight","Dreams & Nightmares Case","StatTrak",2022
"MAC-10 | Ensnared","Dreams & Nightmares Case","StatTrak",2022
"Five-SeveN | Scrawl","Dreams & Nightmares Case","StatTrak",2022
"Dual Berettas | Melondrama","Dreams & Nightmares Case","StatTrak",2022
"USP-S | Ticket to Hell","Dreams & Nightmares Case","StatTrak",2022
"FAMAS | Rapid Eye Movement","Dreams & Nightmares Case","StatTrak",2022
"Tec-9 | Rebel","Revolution Case","StatTrak",2023
"M4A1-S | Emphorosaur-S","Revolution Case","StatTrak",2023
"Glock-18 | Umbral Rabbit","Revolution Case","StatTrak",2023
"MAC-10 | Sakkaku","Revolution Case","StatTrak",2023
"R8 Revolver | Banana Cannon","Revolution Case","StatTrak",2023
"P90 | Neoqueen","Revolution Case","StatTrak",2023
"AWP | Duality","Revolution Case","StatTrak",2023
"UMP-45 | Wild Child","Revolution Case","StatTrak",2023
"P2000 | Wicked Sick","Revolution Case","StatTrak",2023
"M4A4 | Temukau","Revolution Case","StatTrak",2023
"AK-47 | Head Shot","Revolution Case","StatTrak",2023
"AUG - Snake Pit","The Anubis Collection","Souvenir",2023
"M249 - Submerged","The Anubis Collection","Souvenir",2023
"XM1014 - Hieroglyph","The Anubis Collection","Souvenir",2023
"MP7 - Sunbaked","The Anubis Collection","Souvenir",2023
"R8 Revolver - Inlay","The Anubis Collection","Souvenir",2023
"SSG 08 - Azure Glyph","The Anubis Collection","Souvenir",2023
"MAC-10 - Echoing Sands","The Anubis Collection","Souvenir",2023
"USP-S - Desert Tactical","The Anubis Collection","Souvenir",2023
"M4A1-S - Mud-Spec","The Anubis Collection","Souvenir",2023
"Tec-9 - Mummy's Rot","The Anubis Collection","Souvenir",2023
"AK-47 - Steel Delta","The Anubis Collection","Souvenir",2023
"AWP - Black Nile","The Anubis Collection","Souvenir",2023
"Nova - Sobek's Bite","The Anubis Collection","Souvenir",2023
"P90 - ScareB Rush","The Anubis Collection","Souvenir",2023
"Glock-18 - Ramese's Revenge","The Anubis Collection","Souvenir",2023
"P250 - Apep's Curse","The Anubis Collection","Souvenir",2023
"FAMAS - Water of Nephthys","The Anubis Collection","Souvenir",2023
"M4A4 - Eye of Horus","The Anubis Collection","Souvenir",2023
"MAG-7 - Copper Coated","The Anubis Collection","Souvenir",2023
"MAG-7 | Insomnia","Revolution Case","StatTrak",2023
"MP9 | Featherweight","Revolution Case","StatTrak",2023
"SCAR-20 | Fragments","Revolution Case","StatTrak",2023
"P250 | Re.built","Revolution Case","StatTrak",2023
"MP5-SD | Liquidation","Revolution Case","StatTrak",2023
"SG 553 | Cyberforce","Revolution Case","StatTrak",2023
